valor,tipo,amenaza,nivel,score,confianza,pais,fuente,visto,edad_dias
02153f3fbb3611bc8b01eb347bf86c5a,filehash-md5,Attack Cases in Korea Involving the Installation of Radmin and UltraVNC,baja,25,,,OTX,2026-09-04T07:52:41,0
08613b6f27bf240af3f84c88b839f034,filehash-md5,Attack Cases in Korea Involving the Installation of Radmin and UltraVNC,baja,25,,,OTX,2026-09-04T07:52:41,0
0d3c1e06d135fd2018f271822335a599,filehash-md5,Attack Cases in Korea Involving the Installation of Radmin and UltraVNC,baja,25,,,OTX,2026-09-04T07:52:41,0
0f906a7d2fc2b0bb73edcad8bc45bbdb,filehash-md5,Attack Cases in Korea Involving the Installation of Radmin and UltraVNC,baja,25,,,OTX,2026-09-04T07:52:41,0
12cc737b0e5e9576525295da76fa53d2,filehash-md5,Attack Cases in Korea Involving the Installation of Radmin and UltraVNC,baja,25,,,OTX,2026-09-04T07:52:41,0
411657f58641d1562d8248391495033b892d2c47,filehash-sha1,Attack Cases in Korea Involving the Installation of Radmin and UltraVNC,baja,25,,,OTX,2026-09-04T07:52:41,0
67dafd262c85ce53e711ed812e27b56a5b1068e6,filehash-sha1,Attack Cases in Korea Involving the Installation of Radmin and UltraVNC,baja,25,,,OTX,2026-09-04T07:52:41,0
cd036238eba83f3a7aad11a37c5e5517e57fba1f,filehash-sha1,Attack Cases in Korea Involving the Installation of Radmin and UltraVNC,baja,25,,,OTX,2026-09-04T07:52:41,0
6413f8681087402683d64074a7ff58d4f555566edb7a404634190c92b071a080,filehash-sha256,Attack Cases in Korea Involving the Installation of Radmin and UltraVNC,baja,25,,,OTX,2026-09-04T07:52:41,0
7b25c05bb456687b77750d05e9dd0684d2bcf2e012c2a172333661cdcbfbf34a,filehash-sha256,Attack Cases in Korea Involving the Installation of Radmin and UltraVNC,baja,25,,,OTX,2026-09-04T07:52:41,0
a1cbe89e7ba8d673adff3ea80a0ab1113c948c54990c0bb66322449b071af4b5,filehash-sha256,Attack Cases in Korea Involving the Installation of Radmin and UltraVNC,baja,25,,,OTX,2026-09-04T07:52:41,0
01955691147a036e2104a16f9c3b34d11cb3304e184ed9d533325705599b876b,filehash-sha256,Contagious Interview steps outside the developer workflow,baja,25,,,OTX,2026-09-03T22:07:30,0
08425172a2dc19516ba9a3fcca8a0a789962d9b95d1792974f69c086ee64aec9,filehash-sha256,Contagious Interview steps outside the developer workflow,baja,25,,,OTX,2026-09-03T22:07:30,0
0882bb158878a1ca19320f5160dc93f4608c862f3ab652671bb92a82b2f1eb39,filehash-sha256,Contagious Interview steps outside the developer workflow,baja,25,,,OTX,2026-09-03T22:07:30,0
0d306f347999e02cbbe41d6ff1c47aecbc994213b3cc65bbf4aa723469e6e5ab,filehash-sha256,Contagious Interview steps outside the developer workflow,baja,25,,,OTX,2026-09-03T22:07:30,0
0e12f41c2d3d2e48b5a004bff4c126bf8e907bc6c20648f3844ed4ebad126a29,filehash-sha256,Contagious Interview steps outside the developer workflow,baja,25,,,OTX,2026-09-03T22:07:30,0
1abbdeee6d03894c0c53240f7ba873fadf9367e312ada1d280420bc88f986e91,filehash-sha256,Contagious Interview steps outside the developer workflow,baja,25,,,OTX,2026-09-03T22:07:30,0
24a252e72d767d62f3076f4f59780511288ea9eedd0e30f234c9cdd5b7644cbf,filehash-sha256,Contagious Interview steps outside the developer workflow,baja,25,,,OTX,2026-09-03T22:07:30,0
3a7fedfeb42f13b2c368c195ec83b8e8c952df7fd506133210868f3eeb06b51d,filehash-sha256,Contagious Interview steps outside the developer workflow,baja,25,,,OTX,2026-09-03T22:07:30,0
3cda9d3522d471a0018bc58499a424f8084b29e21776d8d63d09fe2d7eca4b49,filehash-sha256,Contagious Interview steps outside the developer workflow,baja,25,,,OTX,2026-09-03T22:07:30,0
42620128470e26d473a128f354b77ca2c5fe9e5782e7addc1e3f863dbd0cd9b0,filehash-sha256,Contagious Interview steps outside the developer workflow,baja,25,,,OTX,2026-09-03T22:07:30,0
46d382b234dcd63e66b17799b2e6cefe24ae60e10bef758c6ccf8e72ba0aaa6c,filehash-sha256,Contagious Interview steps outside the developer workflow,baja,25,,,OTX,2026-09-03T22:07:30,0
4c025bda19d6b7b1f9cc209876099b20130a198c18ae22b7809470dde93c62db,filehash-sha256,Contagious Interview steps outside the developer workflow,baja,25,,,OTX,2026-09-03T22:07:30,0
5ab8c5808cc00825c608027d7da8611a5386de65a724fed999828310b3cb4ddb,filehash-sha256,Contagious Interview steps outside the developer workflow,baja,25,,,OTX,2026-09-03T22:07:30,0
6b33812538be1983c94cedc82f480fd98b7ccdd3df7fa4fda863262818d07ba1,filehash-sha256,Contagious Interview steps outside the developer workflow,baja,25,,,OTX,2026-09-03T22:07:30,0
7030b07575e3c6558fecfd1cabc7463f10c7ca37262da7e57221a85464b7982d,filehash-sha256,Contagious Interview steps outside the developer workflow,baja,25,,,OTX,2026-09-03T22:07:30,0
791f2c56e945a2b6e99d93b10e6f42c383aa9a083ae98fc74f8720f92789c645,filehash-sha256,Contagious Interview steps outside the developer workflow,baja,25,,,OTX,2026-09-03T22:07:30,0
815a41a0c0426ffec3c9ad08e1fb125a040cf0e41acce2a86b891aeb08648d61,filehash-sha256,Contagious Interview steps outside the developer workflow,baja,25,,,OTX,2026-09-03T22:07:30,0
89d36570b91f59f78eaaafba19e91032dce3e6b42d4b7905d38724399bb8c8c2,filehash-sha256,Contagious Interview steps outside the developer workflow,baja,25,,,OTX,2026-09-03T22:07:30,0
9ff8a6e839ebfaa185fbd53c35f1e671fe9ce6851738df07d086cae67db3e06a,filehash-sha256,Contagious Interview steps outside the developer workflow,baja,25,,,OTX,2026-09-03T22:07:30,0
ab5e0684869238c1a1cabadfa0b2e4351490a6343d210ad09c09455ed352b338,filehash-sha256,Contagious Interview steps outside the developer workflow,baja,25,,,OTX,2026-09-03T22:07:30,0
b07f46962c409cb854e34e06abcfc616edcc5a554a43cfac8f4f26cb818a340d,filehash-sha256,Contagious Interview steps outside the developer workflow,baja,25,,,OTX,2026-09-03T22:07:30,0
d55d6419b20e7bf07025d3e464cd4bc05bc96216bf5f85dd7f9a4cbdba10d8ea,filehash-sha256,Contagious Interview steps outside the developer workflow,baja,25,,,OTX,2026-09-03T22:07:30,0
d9f6c4e60ca24364751e9a3f1550f3600726cb5d185407bc82078aa95ef09e53,filehash-sha256,Contagious Interview steps outside the developer workflow,baja,25,,,OTX,2026-09-03T22:07:30,0
e328e5ecf66ac5989aa5f8fb2a7c742d475647b53c929df544b6128db16750d6,filehash-sha256,Contagious Interview steps outside the developer workflow,baja,25,,,OTX,2026-09-03T22:07:30,0
ed3cfda8fcd1936777e3ebabb9a307325c4c2cd793416386c80bf906e4df279b,filehash-sha256,Contagious Interview steps outside the developer workflow,baja,25,,,OTX,2026-09-03T22:07:30,0
f5686109776f83123d30568e552708a7ad78964396d0f3bfd37d0332f44f8ad6,filehash-sha256,Contagious Interview steps outside the developer workflow,baja,25,,,OTX,2026-09-03T22:07:30,0
f9e29c72088f4a7f7789755cd08057f0125c42b352187951623d9290ed0ace1f,filehash-sha256,Contagious Interview steps outside the developer workflow,baja,25,,,OTX,2026-09-03T22:07:30,0
fab2e8e1ac22c5d14fd6531efe4e8e05ca9246786154b2d2f3b7f425777f4818,filehash-sha256,Contagious Interview steps outside the developer workflow,baja,25,,,OTX,2026-09-03T22:07:30,0
00a1228648fffa7338076970037b89f679a166a08c4d9573f1f27973ec6ed497,filehash-sha256,ENDLESSDOORS Is Phoning Home. Pick Up.,baja,25,,,OTX,2026-08-05T14:36:06,0
09ed9ad3ac886f5aaf8357127b6dd5926bd4af1e2cc687a6a4856bcaedee2667,filehash-sha256,ENDLESSDOORS Is Phoning Home. Pick Up.,baja,25,,,OTX,2026-08-05T14:36:06,0
1545169fa8a3ae182d8e39aca8ec6cb6849b864e38646f29017232813e397e77,filehash-sha256,ENDLESSDOORS Is Phoning Home. Pick Up.,baja,25,,,OTX,2026-08-05T14:36:06,0
2d558bc9a6c7e7480e946f1c0524a651554887a1c563d7633f1903d06ff493fb,filehash-sha256,ENDLESSDOORS Is Phoning Home. Pick Up.,baja,25,,,OTX,2026-08-05T14:36:06,0
31ee58a134b766f6ed4424a22cc2cb08cfabbc9a5f35e0ae11a250c81ccc7f5e,filehash-sha256,ENDLESSDOORS Is Phoning Home. Pick Up.,baja,25,,,OTX,2026-08-05T14:36:06,0
33f8c0532100eeb10213d167e5eb483394a7e43bf6d276441a1573360622011a,filehash-sha256,ENDLESSDOORS Is Phoning Home. Pick Up.,baja,25,,,OTX,2026-08-05T14:36:06,0
37efadf0f4a110be0145139a43ebd032abb5b27b79b1eb2ab3578dcd31655a9e,filehash-sha256,ENDLESSDOORS Is Phoning Home. Pick Up.,baja,25,,,OTX,2026-08-05T14:36:06,0
47d8ffb3a9a3fe0337e3c1e355fab4847dd61952fbe9aad98aadede489ca31fd,filehash-sha256,ENDLESSDOORS Is Phoning Home. Pick Up.,baja,25,,,OTX,2026-08-05T14:36:06,0
4f5d8319b4bad5d9243496c1358fda4783ea9a0865c32881b3f57ecedb879570,filehash-sha256,ENDLESSDOORS Is Phoning Home. Pick Up.,baja,25,,,OTX,2026-08-05T14:36:06,0
6926f919da7f4447229f49842266d884369e1587df655149673e46f1d8787e47,filehash-sha256,ENDLESSDOORS Is Phoning Home. Pick Up.,baja,25,,,OTX,2026-08-05T14:36:06,0
71b20ebff0630b33c96bef320adc75901b34f1fd2cc9af974cf93ff37d102ec8,filehash-sha256,ENDLESSDOORS Is Phoning Home. Pick Up.,baja,25,,,OTX,2026-08-05T14:36:06,0
73a0d95b8e23c7780cd91e978238c6db519665b05481fb228b4db9a9ec99c8ae,filehash-sha256,ENDLESSDOORS Is Phoning Home. Pick Up.,baja,25,,,OTX,2026-08-05T14:36:06,0
76a17581bbde4c0550e8f4abfd903923aceeb50dc69dae4dd904628c273b90ee,filehash-sha256,ENDLESSDOORS Is Phoning Home. Pick Up.,baja,25,,,OTX,2026-08-05T14:36:06,0
7791de11cd27cb596deff089904a6eab3a7e0aa391f867c2389582d5c78fef4c,filehash-sha256,ENDLESSDOORS Is Phoning Home. Pick Up.,baja,25,,,OTX,2026-08-05T14:36:06,0
ab8467e1495479693f4de8e838a5aeb61a65f3682d68f5b2d7c856cbfc91a247,filehash-sha256,ENDLESSDOORS Is Phoning Home. Pick Up.,baja,25,,,OTX,2026-08-05T14:36:06,0
b3956cfbebf9c8d0b2c7a2ecbe59e71c31a5802f2084d25d93a984c0f811e2c7,filehash-sha256,ENDLESSDOORS Is Phoning Home. Pick Up.,baja,25,,,OTX,2026-08-05T14:36:06,0
b3e667235e9b41b8fc3594edaa64879750e7f75d7518fff7514d55837430411a,filehash-sha256,ENDLESSDOORS Is Phoning Home. Pick Up.,baja,25,,,OTX,2026-08-05T14:36:06,0
b4fda77e082fbf961db02273999e92e715e1824140ea92b2ab30163338b6622b,filehash-sha256,ENDLESSDOORS Is Phoning Home. Pick Up.,baja,25,,,OTX,2026-08-05T14:36:06,0
dc1f4056af20677bdc7294ae4707f0c7bdfc85d8b57db212b622b9dc09c92731,filehash-sha256,ENDLESSDOORS Is Phoning Home. Pick Up.,baja,25,,,OTX,2026-08-05T14:36:06,0
dcdaa1fe80707b8d8fde8ad36c3e62a53623aff09bf5ccc544d4c1a1a54208b8,filehash-sha256,ENDLESSDOORS Is Phoning Home. Pick Up.,baja,25,,,OTX,2026-08-05T14:36:06,0
dee3908280b91cb7ad60c69c1d34c599ceed7c8c66c025851e5831482815b271,filehash-sha256,ENDLESSDOORS Is Phoning Home. Pick Up.,baja,25,,,OTX,2026-08-05T14:36:06,0
e85104fce4061d52d47f4528df9aaf656edc49f05c0f026c5bc6b65d57eb7f22,filehash-sha256,ENDLESSDOORS Is Phoning Home. Pick Up.,baja,25,,,OTX,2026-08-05T14:36:06,0
efc8a8ead69c63ecfffd883cfbe6bd131082aa13c0d3b324c00d79f4c149bd92,filehash-sha256,ENDLESSDOORS Is Phoning Home. Pick Up.,baja,25,,,OTX,2026-08-05T14:36:06,0
f019d03c2489b2bc486d71e355e07f8f2862dff078574a8662a5a45932e7e453,filehash-sha256,ENDLESSDOORS Is Phoning Home. Pick Up.,baja,25,,,OTX,2026-08-05T14:36:06,0
f5a94e536a1cac8552fb9c327c4bac6017e034786be98cc402a149cb51250d8f,filehash-sha256,ENDLESSDOORS Is Phoning Home. Pick Up.,baja,25,,,OTX,2026-08-05T14:36:06,0
f961e4243e759453294340bc7d1b145016d70b97ab328caf47c64ea3cd818148,filehash-sha256,ENDLESSDOORS Is Phoning Home. Pick Up.,baja,25,,,OTX,2026-08-05T14:36:06,0
df1ae1a109b329689a1eb3d1bd9bd1e9ed247cfd,filehash-sha1,ENDLESSDOORS Is Phoning Home. Pick Up.,baja,25,,,OTX,2026-08-05T14:36:06,0
0538e73fc195c3b4441721d4c60d0b96,filehash-md5,TA416 resumes European government espionage campaigns,baja,25,,,OTX,2026-04-07T11:11:36,0
baa569318144905563b469a5a006ad54eb616a02,filehash-sha1,TA416 resumes European government espionage campaigns,baja,25,,,OTX,2026-04-07T11:11:36,0
4ed76fa68ef9e1a7705a849d47b3d9dcdf969e332bd5bcb68138579c288a16d3,filehash-sha256,TA416 resumes European government espionage campaigns,baja,25,,,OTX,2026-04-07T11:11:36,0
f15c9d7385cffd1d04e54c5ffdb76526,filehash-md5,TA416 resumes European government espionage campaigns,baja,25,,,OTX,2026-04-07T11:11:36,0
2226d3e8843b3e2c228da3a3fdc56e7b,filehash-md5,TA416 resumes European government espionage campaigns,baja,25,,,OTX,2026-04-07T11:11:36,0
e78d4f1f53123ceffedac6d4698438b9,filehash-md5,TA416 resumes European government espionage campaigns,baja,25,,,OTX,2026-04-07T11:11:36,0
596b582169f5d65c4791477a61099c03fbb63a41,filehash-sha1,TA416 resumes European government espionage campaigns,baja,25,,,OTX,2026-04-07T11:11:36,0
a019aaa7b90bca17ef8f9910db3ad7c0a3c2afe4,filehash-sha1,TA416 resumes European government espionage campaigns,baja,25,,,OTX,2026-04-07T11:11:36,0
f9dd7f8846dc10164b348cfdf878a611c79e4c00,filehash-sha1,TA416 resumes European government espionage campaigns,baja,25,,,OTX,2026-04-07T11:11:36,0
262a1003a2cd04993b29e687686eba573d6202fea8611c437ecbd6312802677a,filehash-sha256,TA416 resumes European government espionage campaigns,baja,25,,,OTX,2026-04-07T11:11:36,0
ae8d2cef8eac099f892e37cc50825d329459baa9625b71fb6f4b7e8f33c6ccce,filehash-sha256,TA416 resumes European government espionage campaigns,baja,25,,,OTX,2026-04-07T11:11:36,0
c96338533d0ab4de8201ce1f793e9ea18d30c6179daf1e312e0f01aff8f50415,filehash-sha256,TA416 resumes European government espionage campaigns,baja,25,,,OTX,2026-04-07T11:11:36,0
36e516182b4c8aa48ea3e50b7dc353f32d3412f59fb0cb1c7b3590aa4d821c57,filehash-sha256,TA416 resumes European government espionage campaigns,baja,25,,,OTX,2026-04-07T11:11:36,0
56f0247049be8b9dc1da7c55957d2fb4f7177965ba62789c512f3e2b4c0c5c26,filehash-sha256,TA416 resumes European government espionage campaigns,baja,25,,,OTX,2026-04-07T11:11:36,0
a8082a80cef9ccee9d7a35f5366e3afb,filehash-md5,TA416 resumes European government espionage campaigns,baja,25,,,OTX,2026-04-07T11:11:36,0
7ca528c170164f9945c87d5ba673b7b0,filehash-md5,TA416 resumes European government espionage campaigns,baja,25,,,OTX,2026-04-07T11:11:36,0
bfb86c579e8a6ffc30b9976eb494fbed63939361,filehash-sha1,TA416 resumes European government espionage campaigns,baja,25,,,OTX,2026-04-07T11:11:36,0
87929c8f53341a5e413950d33c7946c64e1d4b2eba6d1a8b2d08ef56f7065052,filehash-sha256,TA416 resumes European government espionage campaigns,baja,25,,,OTX,2026-04-07T11:11:36,0
46314092c8d00ab93cbbdc824b9fc39dec9303169163b9625bae3b1717d70ebc,filehash-sha256,TA416 resumes European government espionage campaigns,baja,25,,,OTX,2026-04-07T11:11:36,0
8a1a090b2c5de4a3c31b4062685aff9f,filehash-md5,TA416 resumes European government espionage campaigns,baja,25,,,OTX,2026-04-07T11:11:36,0
29cd44aa2a51a200d82cca578d97dc13241bc906ea6a33b132c6ca567dc8f3ad,filehash-sha256,TA416 resumes European government espionage campaigns,baja,25,,,OTX,2026-04-07T11:11:36,0
8421e7995778faf1f2a902fb2c51d85ae39481f443b7b3186068d5c33c472d99,filehash-sha256,TA416 resumes European government espionage campaigns,baja,25,,,OTX,2026-04-07T11:11:36,0
de8ddc2451fb1305d76ab20661725d11c77625aeeaa1447faf3fbf56706c87f1,filehash-sha256,TA416 resumes European government espionage campaigns,baja,25,,,OTX,2026-04-07T11:11:36,0
e7ed0cd4115f3ff35c38d36cc50c6a13eba2d845554439a36108789cd1e05b17,filehash-sha256,TA416 resumes European government espionage campaigns,baja,25,,,OTX,2026-04-07T11:11:36,0
381247c1d4c68a406237d7d3aa030930,filehash-md5,TA416 resumes European government espionage campaigns,baja,25,,,OTX,2026-04-07T11:11:36,0
769687f93869a70511aac1ef7c752455,filehash-md5,TA416 resumes European government espionage campaigns,baja,25,,,OTX,2026-04-07T11:11:36,0
7a75e713db41c28378e823322fdea0fd,filehash-md5,TA416 resumes European government espionage campaigns,baja,25,,,OTX,2026-04-07T11:11:36,0
e7cb954f4bbdbadbd2c0206577621683,filehash-md5,TA416 resumes European government espionage campaigns,baja,25,,,OTX,2026-04-07T11:11:36,0
1151100a0aa1ed88f7897709444fd3b3b1044c10,filehash-sha1,TA416 resumes European government espionage campaigns,baja,25,,,OTX,2026-04-07T11:11:36,0
ad833604d230b241e180950980ea462b3812f82a,filehash-sha1,TA416 resumes European government espionage campaigns,baja,25,,,OTX,2026-04-07T11:11:36,0
d1a86ed06b18efef5ce724d2129cf1583b779b44,filehash-sha1,TA416 resumes European government espionage campaigns,baja,25,,,OTX,2026-04-07T11:11:36,0
f06da8e29c3f0fafabfc3a524ae8b21730b57ed3,filehash-sha1,TA416 resumes European government espionage campaigns,baja,25,,,OTX,2026-04-07T11:11:36,0
44cfba85aa27265779b01f6eb8b69718462b1ca8078b21066061e8d1622dff7a,filehash-sha256,TA416 resumes European government espionage campaigns,baja,25,,,OTX,2026-04-07T11:11:36,0
3021f4d365a641722748c5e60d983a080db17bef8f0a1dbe624ffe63cd544cc1,filehash-sha256,TA416 resumes European government espionage campaigns,baja,25,,,OTX,2026-04-07T11:11:36,0
c5267fefaac1764eba5f42681eb216f146b7d18fcbf546275d33e70cb36fdfba,filehash-sha256,TA416 resumes European government espionage campaigns,baja,25,,,OTX,2026-04-07T11:11:36,0
06a70c54c580ec4c362bfbc94147a0f1ac9020c421933ccf494a8d553b114260,filehash-sha256,TA416 resumes European government espionage campaigns,baja,25,,,OTX,2026-04-07T11:11:36,0
0b916d2b4a02d01b42c2b04e281d786a05cc7974d2c4a272b01e8060fa713403,filehash-sha256,TA416 resumes European government espionage campaigns,baja,25,,,OTX,2026-04-07T11:11:36,0
16e258b7b712b747a6037d56ee8d2cc99f8f8139da4a3a59c24af0887531ace0,filehash-sha256,TA416 resumes European government espionage campaigns,baja,25,,,OTX,2026-04-07T11:11:36,0
1df74ce45aa9320c48858eddce3f46f5687fbfdcfd497d92a1e17476e7a2951e,filehash-sha256,TA416 resumes European government espionage campaigns,baja,25,,,OTX,2026-04-07T11:11:36,0
2261c7640fe2f3c2385de61c546b5020ec8a486ad5bad64c31bc9268f6b36a2c,filehash-sha256,TA416 resumes European government espionage campaigns,baja,25,,,OTX,2026-04-07T11:11:36,0
