valor,tipo,amenaza,nivel,score,confianza,pais,fuente,visto
810f8e3b88eb05f710c09552941d6f56,filehash-md5,Switches to Node.js and JavaScript malware,baja,25,,,OTX,2026-09-01T08:49:16
da11679653ef33952c3dc8d8850e43d7b8ac884a,filehash-sha1,Switches to Node.js and JavaScript malware,baja,25,,,OTX,2026-09-01T08:49:16
0db36a04d304ad96f9e6f97b531934594cd95a5cea9ff2c9af249201089dc864,filehash-sha256,Switches to Node.js and JavaScript malware,baja,25,,,OTX,2026-09-01T08:49:16
1ea83e4e4592b01e4acab63eb867bee5,filehash-md5,Switches to Node.js and JavaScript malware,baja,25,,,OTX,2026-09-01T08:49:16
cbaaf0900a13f28e380f49adecec932c,filehash-md5,Switches to Node.js and JavaScript malware,baja,25,,,OTX,2026-09-01T08:49:16
366515822d5ac1cc500711ef57a2e32e,filehash-md5,Switches to Node.js and JavaScript malware,baja,25,,,OTX,2026-09-01T08:49:16
cf449f1992c2819e62ac44a0b06ac2e7,filehash-md5,Switches to Node.js and JavaScript malware,baja,25,,,OTX,2026-09-01T08:49:16
e95a4366686e3f786ea3c056fab5b0da,filehash-md5,Switches to Node.js and JavaScript malware,baja,25,,,OTX,2026-09-01T08:49:16
de5af16a3757ef700b01dc34d67079ae,filehash-md5,Switches to Node.js and JavaScript malware,baja,25,,,OTX,2026-09-01T08:49:16
be086789568441d0d7e4679aee51f566,filehash-md5,Switches to Node.js and JavaScript malware,baja,25,,,OTX,2026-09-01T08:49:16
e259c5edf158aac4cfe14f77ddd0b196,filehash-md5,Switches to Node.js and JavaScript malware,baja,25,,,OTX,2026-09-01T08:49:16
291ac3abe73c5158e59a437b75d5f0aa,filehash-md5,Switches to Node.js and JavaScript malware,baja,25,,,OTX,2026-09-01T08:49:16
0962f56d7ec69f4f2a0162dcbe22116b,filehash-md5,Switches to Node.js and JavaScript malware,baja,25,,,OTX,2026-09-01T08:49:16
795e053a990a1569ffdcb57f48f6d085,filehash-md5,Switches to Node.js and JavaScript malware,baja,25,,,OTX,2026-09-01T08:49:16
f0c8db403231d478f67df0355328c58384027677,filehash-sha1,Switches to Node.js and JavaScript malware,baja,25,,,OTX,2026-09-01T08:49:16
307ce2448211a5f5d122643f2a739aff33ede72c1858518c8de098f3148bbd00,filehash-sha256,Switches to Node.js and JavaScript malware,baja,25,,,OTX,2026-09-01T08:49:16
599f80a79efdc584c70f4f763c663b06d432393c,filehash-sha1,Financially Motivated Threat Actor Targets Brazil,baja,25,,,OTX,2026-09-01T07:05:41
51fdd83b3737add7f3832bd0ad0b56863c0a8f7cf9bcc16fd787d1ae4b403ce6,filehash-sha256,Financially Motivated Threat Actor Targets Brazil,baja,25,,,OTX,2026-09-01T07:05:41
833368e3029a38a4f87207acd537070e,filehash-md5,Financially Motivated Threat Actor Targets Brazil,baja,25,,,OTX,2026-09-01T07:05:41
d2aa40cc53b40c6e76ac0677c4a54387b3f27ee94c85d9b2c3a3d66aeef92a66,filehash-sha256,Financially Motivated Threat Actor Targets Brazil,baja,25,,,OTX,2026-09-01T07:05:41
3b22605244dbace8f0c07c2c599f88c4b831bb07e9998b869a5da2759d27ceec,filehash-sha256,Financially Motivated Threat Actor Targets Brazil,baja,25,,,OTX,2026-09-01T07:05:41
f0cfe3559bf988d4477a6ac2bcc6c025,filehash-md5,Financially Motivated Threat Actor Targets Brazil,baja,25,,,OTX,2026-09-01T07:05:41
31f578c8d2d51bc91b7dfe4d663cb0ad079d5869,filehash-sha1,Financially Motivated Threat Actor Targets Brazil,baja,25,,,OTX,2026-09-01T07:05:41
6652cf491ed9992eb2f3af23e9641cd987096280,filehash-sha1,Financially Motivated Threat Actor Targets Brazil,baja,25,,,OTX,2026-09-01T07:05:41
0ef9f39b2685b42c78fc6859498b29bf,filehash-md5,Financially Motivated Threat Actor Targets Brazil,baja,25,,,OTX,2026-09-01T07:05:41
f139b4ca15feffb7a6633ec1a431c5c604b397576b56b5c863ae8fe4fa14db4f,filehash-sha256,Financially Motivated Threat Actor Targets Brazil,baja,25,,,OTX,2026-09-01T07:05:41
54e3e03c168899fe9e3ecea2c46b5359,filehash-md5,Financially Motivated Threat Actor Targets Brazil,baja,25,,,OTX,2026-09-01T07:05:41
cd382e301231bb1a86ad06e9d492dbfce6a43fab,filehash-sha1,Financially Motivated Threat Actor Targets Brazil,baja,25,,,OTX,2026-09-01T07:05:41
2214907e696bad85bde1d90c943ef66e413d7a5c6d7596ced25b74441200439a,filehash-sha256,Financially Motivated Threat Actor Targets Brazil,baja,25,,,OTX,2026-09-01T07:05:41
447e3a131e62bd33b1297739a7b959a92358a97f58554469044636a3c4f244e8,filehash-sha256,Financially Motivated Threat Actor Targets Brazil,baja,25,,,OTX,2026-09-01T07:05:41
f25b2229715bd66e783ecde70843f01d,filehash-md5,Financially Motivated Threat Actor Targets Brazil,baja,25,,,OTX,2026-09-01T07:05:41
c23d24b2888d02998f7c0f6091ab2e69fbac4a3e,filehash-sha1,Financially Motivated Threat Actor Targets Brazil,baja,25,,,OTX,2026-09-01T07:05:41
6d4012e0dd3b56a3e52857734fa0d582cdf3c56f0e5decc8005c882d1d1c6ceb,filehash-sha256,Financially Motivated Threat Actor Targets Brazil,baja,25,,,OTX,2026-09-01T07:05:41
c0db6ddd6222d02ad7490399d33c61ded0076f0037409dc8498924458646d78a,filehash-sha256,Financially Motivated Threat Actor Targets Brazil,baja,25,,,OTX,2026-09-01T07:05:41
08cbd834a5bb5f402d771003f437c206a0a67c6e,filehash-sha1,Financially Motivated Threat Actor Targets Brazil,baja,25,,,OTX,2026-09-01T07:05:41
419df93671ff0eedc118a641bab30584f84d16a6,filehash-sha1,Financially Motivated Threat Actor Targets Brazil,baja,25,,,OTX,2026-09-01T07:05:41
9bd6d2a99a5a63805578d775fdedc7dc2ad765fa,filehash-sha1,Financially Motivated Threat Actor Targets Brazil,baja,25,,,OTX,2026-09-01T07:05:41
ea259f3e37f87ddb3d619a7fecb072471af97c3a,filehash-sha1,Financially Motivated Threat Actor Targets Brazil,baja,25,,,OTX,2026-09-01T07:05:41
60b6771958cb7e553994ba6752f108575ba70e02d24affb51d8936a17eb0bf5e,filehash-sha256,13 Malicious Packagist Themes Deliver iOS Spyware That Steals Crypto Wallet Seeds,baja,25,,,OTX,2026-08-31T20:09:42
d9530e8cd79ac7b3d02b04e05426653afca7075fcf7424eec4d59c6e95745933,filehash-sha256,13 Malicious Packagist Themes Deliver iOS Spyware That Steals Crypto Wallet Seeds,baja,25,,,OTX,2026-08-31T20:09:42
92c7d246d2c163c076f783dcc19f87f5b9b9ac301b106b87a7aaea9346ce0052,filehash-sha256,13 Malicious Packagist Themes Deliver iOS Spyware That Steals Crypto Wallet Seeds,baja,25,,,OTX,2026-08-31T20:09:42
f2fdfddbc436acc24a654092f5205b2c5bd3208b126b2c2754ac63e7aea22298,filehash-sha256,13 Malicious Packagist Themes Deliver iOS Spyware That Steals Crypto Wallet Seeds,baja,25,,,OTX,2026-08-31T20:09:42
9d6b58886189c0e23f706c32d3d8dda97b0b6d927ece6de07270813f070295b5,filehash-sha256,13 Malicious Packagist Themes Deliver iOS Spyware That Steals Crypto Wallet Seeds,baja,25,,,OTX,2026-08-31T20:09:42
de539a63cbe27bbd4a7db30fc796cd6dc5309c02ef5e60a3c5cf0835e5601283,filehash-sha256,13 Malicious Packagist Themes Deliver iOS Spyware That Steals Crypto Wallet Seeds,baja,25,,,OTX,2026-08-31T20:09:42
22c75b2ee026dbbf7001cfdc2bb47855,filehash-md5,13 Malicious Packagist Themes Deliver iOS Spyware That Steals Crypto Wallet Seeds,baja,25,,,OTX,2026-08-31T20:09:42
b216e777ad85e77b033d68ad429d869a,filehash-md5,13 Malicious Packagist Themes Deliver iOS Spyware That Steals Crypto Wallet Seeds,baja,25,,,OTX,2026-08-31T20:09:42
ac97f82098288232e8c6e0c8ce5f196b92b3bf59,filehash-sha1,13 Malicious Packagist Themes Deliver iOS Spyware That Steals Crypto Wallet Seeds,baja,25,,,OTX,2026-08-31T20:09:42
0e00adb0a5ca285b838af623c753b6ff,filehash-md5,Anatomy of BraZetsu: How Cybercriminals Fuel the Underground Ecosystem,baja,25,,,OTX,2026-08-31T15:42:37
1b6dd10ace5e6e9a5e52dbbbc5e45289,filehash-md5,Anatomy of BraZetsu: How Cybercriminals Fuel the Underground Ecosystem,baja,25,,,OTX,2026-08-31T15:42:37
27167134b9c5110fb4427829eff6dbad,filehash-md5,Anatomy of BraZetsu: How Cybercriminals Fuel the Underground Ecosystem,baja,25,,,OTX,2026-08-31T15:42:37
7a7d962cc70d1b8079fc39382ab48ae6,filehash-md5,Anatomy of BraZetsu: How Cybercriminals Fuel the Underground Ecosystem,baja,25,,,OTX,2026-08-31T15:42:37
7f1cba40545fa069e7f82023c82f936c,filehash-md5,Anatomy of BraZetsu: How Cybercriminals Fuel the Underground Ecosystem,baja,25,,,OTX,2026-08-31T15:42:37
1d83329a31c21880b9fa86644ad466dbf86021d8,filehash-sha1,Anatomy of BraZetsu: How Cybercriminals Fuel the Underground Ecosystem,baja,25,,,OTX,2026-08-31T15:42:37
5e20d8736e86f2ebebaa5e9aa9257a2086839e47,filehash-sha1,Anatomy of BraZetsu: How Cybercriminals Fuel the Underground Ecosystem,baja,25,,,OTX,2026-08-31T15:42:37
abf6ea4a161ce9d049a6d3c3963fa73b57fba1de,filehash-sha1,Anatomy of BraZetsu: How Cybercriminals Fuel the Underground Ecosystem,baja,25,,,OTX,2026-08-31T15:42:37
f6e4fa567ac8fceb2ef79bb097e8112de1c784fb,filehash-sha1,Anatomy of BraZetsu: How Cybercriminals Fuel the Underground Ecosystem,baja,25,,,OTX,2026-08-31T15:42:37
fdaee6cb8967b547b57232c1c86e7fa61ac58a61,filehash-sha1,Anatomy of BraZetsu: How Cybercriminals Fuel the Underground Ecosystem,baja,25,,,OTX,2026-08-31T15:42:37
0cd0cc49ea4ff48c675368f725e183608494f22fefa92d2f33577f70bb6c0d5d,filehash-sha256,Anatomy of BraZetsu: How Cybercriminals Fuel the Underground Ecosystem,baja,25,,,OTX,2026-08-31T15:42:37
0fa785bb9f95b113539bb909da88e6cac9a433a07935571d9bcd2d85746fc5bf,filehash-sha256,Anatomy of BraZetsu: How Cybercriminals Fuel the Underground Ecosystem,baja,25,,,OTX,2026-08-31T15:42:37
10de6185e31539cf01c8b05d9559e65e8693efd695f315de54667ef8c04de39c,filehash-sha256,Anatomy of BraZetsu: How Cybercriminals Fuel the Underground Ecosystem,baja,25,,,OTX,2026-08-31T15:42:37
1510823e7c80b4db5333dd18cd5992881496da30032d6d69b2a82e1c5cf30246,filehash-sha256,Anatomy of BraZetsu: How Cybercriminals Fuel the Underground Ecosystem,baja,25,,,OTX,2026-08-31T15:42:37
30af2ec2437af0f4910d528440715540dbec6a5587f86f327316a7a781c1e2fe,filehash-sha256,Anatomy of BraZetsu: How Cybercriminals Fuel the Underground Ecosystem,baja,25,,,OTX,2026-08-31T15:42:37
3f2f48525cf082672e38808480e214775e03dd943ff2df86172665aad96a5eaa,filehash-sha256,Anatomy of BraZetsu: How Cybercriminals Fuel the Underground Ecosystem,baja,25,,,OTX,2026-08-31T15:42:37
54e313434a7f3fa349e439857e23ab536a95c9927cf62f8358b5cdd9fabf2700,filehash-sha256,Anatomy of BraZetsu: How Cybercriminals Fuel the Underground Ecosystem,baja,25,,,OTX,2026-08-31T15:42:37
67fcfbdaab397ad1273135a3c6aa1d220ab76491cf945df081503401cc9732d2,filehash-sha256,Anatomy of BraZetsu: How Cybercriminals Fuel the Underground Ecosystem,baja,25,,,OTX,2026-08-31T15:42:37
91f225dcc7a01f926b03e8540d8b5e2d6c8e3763cc30f57381d702ce638fa6b0,filehash-sha256,Anatomy of BraZetsu: How Cybercriminals Fuel the Underground Ecosystem,baja,25,,,OTX,2026-08-31T15:42:37
93bb4a4812e77ddc17c2722340d915bd5c8387316bbdbc394c201a28cb9b7c88,filehash-sha256,Anatomy of BraZetsu: How Cybercriminals Fuel the Underground Ecosystem,baja,25,,,OTX,2026-08-31T15:42:37
96960409b6e1abf20eeb689d9e0a170008a15096de6a06ca5ae0d5aa56579042,filehash-sha256,Anatomy of BraZetsu: How Cybercriminals Fuel the Underground Ecosystem,baja,25,,,OTX,2026-08-31T15:42:37
bc91f90a5677404cf9c8f4bed7b36c22027b1549ffefee129b41fab3db3108b8,filehash-sha256,Anatomy of BraZetsu: How Cybercriminals Fuel the Underground Ecosystem,baja,25,,,OTX,2026-08-31T15:42:37
c4dd46e5b450349fd9fbf686a5a22f55f8371123b098104db663a3980646e138,filehash-sha256,Anatomy of BraZetsu: How Cybercriminals Fuel the Underground Ecosystem,baja,25,,,OTX,2026-08-31T15:42:37
cd8fc8effea20d28e76c53f3386c783e55dcb309e1525b27f7a141d51b6f6c78,filehash-sha256,Anatomy of BraZetsu: How Cybercriminals Fuel the Underground Ecosystem,baja,25,,,OTX,2026-08-31T15:42:37
d881a60ccd03b5417a1eed184143a18a333e7e9e9e351596a7a765843643af99,filehash-sha256,Anatomy of BraZetsu: How Cybercriminals Fuel the Underground Ecosystem,baja,25,,,OTX,2026-08-31T15:42:37
f775fe06a4c2563cb03e1aa42eb4e9532840cce9dc168ea2ca97cee7972e6b17,filehash-sha256,Anatomy of BraZetsu: How Cybercriminals Fuel the Underground Ecosystem,baja,25,,,OTX,2026-08-31T15:42:37
365d4eb738d3146583431948d3ba6e27a32556be,filehash-sha1,Shai-Hulud Trinitite Hits @7nohe/openapi-react-query-codegen,baja,25,,,OTX,2026-08-31T15:26:42
ec7876d6c917dad516ba69bbfafc948b834bf0ab,filehash-sha1,Shai-Hulud Trinitite Hits @7nohe/openapi-react-query-codegen,baja,25,,,OTX,2026-08-31T15:26:42
043fb46d1a93c77aae656e7c1c64a875d1fc6a0a,filehash-sha1,Shai-Hulud Trinitite Hits @7nohe/openapi-react-query-codegen,baja,25,,,OTX,2026-08-31T15:26:42
03f4e47b9c2283c32bb8f8f042ce6e41,filehash-md5,Breaking the Seal: Static Deobfuscation of JSCeal's Compiled V8 Bytecode,baja,25,,,OTX,2026-08-31T14:00:19
0d1fce0cb2b9dec26a10f0822aeffb19,filehash-md5,Breaking the Seal: Static Deobfuscation of JSCeal's Compiled V8 Bytecode,baja,25,,,OTX,2026-08-31T14:00:19
581e2e2265d0c1509b3799c5a9039374,filehash-md5,Breaking the Seal: Static Deobfuscation of JSCeal's Compiled V8 Bytecode,baja,25,,,OTX,2026-08-31T14:00:19
91038aebe528a065c3e995a418db6826,filehash-md5,Breaking the Seal: Static Deobfuscation of JSCeal's Compiled V8 Bytecode,baja,25,,,OTX,2026-08-31T14:00:19
de10c6b3dc4619f59bc9c80a0aa15e6a,filehash-md5,Breaking the Seal: Static Deobfuscation of JSCeal's Compiled V8 Bytecode,baja,25,,,OTX,2026-08-31T14:00:19
c24e99f9437feacaa63766a3cde3fe3d,filehash-md5,ValleyRAT is spreading disguised as adware,baja,25,,,OTX,2026-08-31T11:11:50
07ddbbe2c71c45577a7a4fbcdba0df91,filehash-md5,ValleyRAT is spreading disguised as adware,baja,25,,,OTX,2026-08-31T11:11:50
8a626d844943da3456b044f38deae3a2,filehash-md5,ValleyRAT is spreading disguised as adware,baja,25,,,OTX,2026-08-31T11:11:50
24ab9fe5d5be62d3bf055a0ca4508e8bca2996b6d78649dce8145d8a27bc1c5b,filehash-sha256,An Inside Look at Voice Phishing Campaigns in Microsoft Teams,baja,25,,,OTX,2026-08-31T11:06:37
